-- phpMyAdmin SQL Dump
-- version 4.2.7.1
-- http://www.phpmyadmin.net
--
-- Host: localhost
-- Erstellungszeit: 05. Jan 2016 um 15:37
-- Server Version: 5.6.20
-- PHP-Version: 5.5.15

SET SQL_MODE = "NO_AUTO_VALUE_ON_ZERO";
SET time_zone = "+00:00";


/*!40101 SET @OLD_CHARACTER_SET_CLIENT=@@CHARACTER_SET_CLIENT */;
/*!40101 SET @OLD_CHARACTER_SET_RESULTS=@@CHARACTER_SET_RESULTS */;
/*!40101 SET @OLD_COLLATION_CONNECTION=@@COLLATION_CONNECTION */;
/*!40101 SET NAMES utf8 */;

--
-- Datenbank: `caeb`
--

--
-- Daten für Tabelle `choice`
--

INSERT INTO `choice` (`id`, `grade`, `text`) VALUES
(1, 0, 'keine Angabe'),
(2, 1, 'sehr gut'),
(3, 2, 'gut'),
(4, 3, 'befriedigend'),
(5, 4, 'ausreichend'),
(6, 5, 'ungenügend'),
(7, 1, 'ja, immer'),
(8, 2, 'sehr häufig'),
(9, 3, 'oft'),
(10, 4, 'selten'),
(11, 5, 'nie'),
(12, 1, 'ja, sehr'),
(13, 2, 'durchaus'),
(14, 3, 'mittelmäßig'),
(15, 4, 'eher nicht'),
(16, 5, 'überhaupt nicht'),
(17, 3, 'zu hoch'),
(18, 2, 'hoch'),
(19, 1, 'angemessen'),
(20, 2, 'niedrig'),
(21, 3, 'zu niedrig'),
(22, 1, 'sehr laut, sehr deutlich'),
(23, 2, 'laut, präzise'),
(24, 3, 'verständlich'),
(25, 4, 'leise, eher undeutlich'),
(26, 5, 'zu leise, undeutlich'),
(27, 1, 'ja, hervorragend'),
(28, 2, 'ja, fast immer'),
(29, 3, 'in der Regel ja'),
(30, 4, 'manchmal klappt es'),
(31, 5, 'nein, nie'),
(32, 1, 'ja, immer Dialog mit Studenten'),
(33, 2, 'überwiegend Dialog'),
(34, 3, 'gute Mischung'),
(35, 4, 'zu oft Monolog'),
(36, 5, 'nein, nur Monolog'),
(37, 2, 'ja, wenn Zeit war'),
(38, 1, 'sehr klar'),
(39, 2, 'gut strukturiert'),
(40, 4, 'sprunghaft'),
(41, 5, 'Roter Faden fehlte'),
(42, 5, 'zu viel Stoff in zuwenig Zeit'),
(43, 3, 'viel Stoff'),
(44, 3, 'wenig Stoff'),
(45, 5, 'zu viel Zeit für zuwenig Stoff'),
(46, 0, 'keine Ü/L vorhanden'),
(47, 1, 'stimme zu'),
(48, 2, 'stimme weitgehend zu'),
(49, 3, 'unentschieden'),
(50, 4, 'stimme weitgehend nicht zu'),
(51, 5, 'stimme nicht zu'),
(52, 5, 'viel zu viele Medien eingesetzt'),
(53, 3, 'etwas zu viele Medien eingesetzt'),
(54, 1, 'Medieneinsatz adäquat'),
(55, 3, 'etwas zu wenige Medien eingesetzt'),
(56, 5, 'viel zu wenig Medien eingesetzt'),
(57, 0, 'weiss ich nicht'),
(58, 1, 'habe sehr viel gelernt'),
(59, 2, 'habe viel gelernt'),
(60, 3, 'habe etwas gelernt.'),
(61, 4, 'habe wenig gelernt'),
(62, 5, 'habe sehr wenig gelernt'),
(63, 0, 'No comment'),
(64, 1, 'Positive textAnswer'),
(65, 2, 'Negative textAnswer'),
(66, 2, 'Neutral textAnswer'),
(67, 3, 'Negative textAnswer'),
(68, 2, 'Slightly positive textAnswer'),
(69, 3, 'Slightly negative textAnswer'),
(70, 4, 'Negative textAnswer'),
(71, 3, 'neutral textAnswer'),
(72, 4, 'Slightly negative textAnswer'),
(73, 5, 'Negative textAnswer'),
(74, 1, 'Very positive textAnswer'),
(75, 2, 'positive textAnswer'),
(76, 3, 'Slightly positive textAnswer'),
(77, 6, 'Very negative textAnswer'),
(78, 4, 'Neutral textAnswer'),
(79, 5, 'Slightly negative textAnswer'),
(80, 6, 'Negative textAnswer'),
(81, 7, 'Very negative textAnswer');

--
-- Daten für Tabelle `mc_question`
--

INSERT INTO `mc_question` (`id`, `text`) VALUES
(8, 'Ging der/die Dozent(in) auf Fragen innerhalb der LV ein?'),
(2, 'Haben Sie die Veranstaltung regelmässig besucht?'),
(3, 'Haben Sie Interesse an diesem Fach?'),
(20, 'Interface for question with 2 + 1 possible textAnswers.'),
(21, 'Interface for question with 3 + 1 possible textAnswers.'),
(22, 'Interface for question with 3 + 1 possible textAnswers. The best textAnswer placed in the middle.'),
(23, 'Interface for question with 4 + 1 possible textAnswers.'),
(24, 'Interface for question with 5 + 1 possible textAnswers.'),
(25, 'Interface for question with 5 + 1 possible textAnswers. The best textAnswer placed in the middle.'),
(26, 'Interface for question with 6 + 1 possible textAnswers.'),
(28, 'Interface for question with 6 + 1 possible textAnswers. The best textAnswer placed in the middle.'),
(27, 'Interface for question with 7 + 1 possible textAnswers.'),
(6, 'Kann er/sie schwierige Sachverhalte verständlich erklären?'),
(7, 'Versuchte der/die Dozent(in) festzustellen, ob die Studenten der LV folgen können?'),
(10, 'War der/die Dozent(in) gut vorbereitet?'),
(9, 'War er/sie auch ausserhalb der LV zu diesen Themen ansprechbar?'),
(11, 'Welche Gesamtnote geben Sie dem/der Dozenten(in)?'),
(12, 'Welche Gesamtnote geben Sie den Lehrunterlagen?'),
(19, 'Welche Gesamtnote geben Sie der Lehrveranstaltung?'),
(17, 'Wie beurteilen Sie den Medieneinsatz (Beamer, Tafel, Overhead-Projektor, usw.)?'),
(16, 'Wie beurteilen Sie die Ausstattung des Übungs- oder Laborraumes?'),
(1, 'Wie beurteilen Sie die Lehrveranstaltung insgesamt? Auf einer Skala von 1 bis 5; 1 = sehr gut, 5 = nicht gut'),
(18, 'Wie beurteilen Sie Ihren persönlichen Lernerfolg in dieser Lehrveranstaltung?'),
(4, 'Wie empfanden Sie das Niveau der Lehrveranstaltung?'),
(15, 'Die Übung war nützlich. Sie war sehr gut geeignet, die Vorlesungsinhalte zu verdeutlichen und zu vertiefen.'),
(14, 'Wie war die Stoffmenge im Verhältnis zur verfügbaren Zeit?'),
(13, 'Wie war die Vorgehensweise und Stoffpräsentation in der LV?'),
(5, 'Wie waren Sprache und Ausdrucksweise des Dozenten/der Dozentin?');

--
-- Daten für Tabelle `mc_question_choices`
--

INSERT INTO `mc_question_choices` (`mc_question_id`, `choices_id`) VALUES
(1, 1),
(1, 2),
(1, 3),
(1, 4),
(1, 5),
(1, 6),
(2, 1),
(2, 7),
(2, 8),
(2, 9),
(2, 10),
(2, 11),
(3, 1),
(3, 12),
(3, 13),
(3, 14),
(3, 15),
(3, 16),
(4, 1),
(4, 17),
(4, 18),
(4, 19),
(4, 20),
(4, 21),
(5, 1),
(5, 22),
(5, 23),
(5, 24),
(5, 25),
(5, 26),
(6, 1),
(6, 27),
(6, 28),
(6, 29),
(6, 30),
(6, 31),
(7, 1),
(7, 32),
(7, 33),
(7, 34),
(7, 35),
(7, 36),
(8, 1),
(8, 7),
(8, 37),
(8, 29),
(8, 10),
(8, 31),
(9, 1),
(9, 7),
(9, 37),
(9, 29),
(9, 10),
(9, 31),
(10, 1),
(10, 7),
(10, 8),
(10, 9),
(10, 10),
(10, 11),
(11, 1),
(11, 2),
(11, 3),
(11, 4),
(11, 5),
(11, 6),
(12, 1),
(12, 2),
(12, 3),
(12, 4),
(12, 5),
(12, 6),
(13, 1),
(13, 38),
(13, 39),
(13, 24),
(13, 40),
(13, 41),
(14, 1),
(14, 42),
(14, 43),
(14, 19),
(14, 44),
(14, 45),
(15, 46),
(15, 47),
(15, 48),
(15, 49),
(15, 50),
(15, 51),
(16, 46),
(16, 2),
(16, 3),
(16, 4),
(16, 5),
(16, 6),
(17, 1),
(17, 52),
(17, 53),
(17, 54),
(17, 55),
(17, 56),
(18, 57),
(18, 58),
(18, 59),
(18, 60),
(18, 61),
(18, 62),
(19, 1),
(19, 2),
(19, 3),
(19, 4),
(19, 5),
(19, 6),
(20, 63),
(20, 64),
(20, 65),
(21, 63),
(21, 64),
(21, 66),
(21, 67),
(22, 63),
(22, 67),
(22, 64),
(22, 67),
(23, 63),
(23, 64),
(23, 68),
(23, 69),
(23, 70),
(24, 63),
(24, 64),
(24, 68),
(24, 71),
(24, 72),
(24, 73),
(25, 63),
(25, 73),
(25, 69),
(25, 64),
(25, 69),
(25, 73),
(26, 63),
(26, 74),
(26, 75),
(26, 76),
(26, 72),
(26, 73),
(26, 77),
(27, 63),
(27, 74),
(27, 75),
(27, 76),
(27, 78),
(27, 79),
(27, 80),
(27, 81),
(28, 63),
(28, 81),
(28, 73),
(28, 69),
(28, 64),
(28, 69),
(28, 73),
(28, 81);

--
-- Daten für Tabelle `question`
--

INSERT INTO `question` (`id`, `max_length`, `only_numbers`, `text`) VALUES
(1, 2, b'1', 'Wie hoch ist Ihr gesamter Arbeitsaufwand für die Lehrveranstaltung(inkl. Vor- und Nachbereitung) in Stunden pro Woche?'),
(2, 1000, b'0', 'Was fanden Sie an der Lehrveranstaltung gut?'),
(3, 1000, b'0', 'Was fanden Sie an der Lehrveranstaltung weniger gut?'),
(4, 1000, b'0', 'Welche Verbesserungsvorschläge für die Lehrveranstaltung haben Sie?'),
(5, 1000, b'0', 'Was fanden Sie positiv?'),
(6, 1000, b'0', 'Was fanden Sie negativ?'),
(7, 1000, b'0', 'Welche Verbesserungsvorschläge würden Sie unterbreiten?'),
(8, 1000, b'0', 'Haben Sie weitere Anmerkungen?'),
(9, 1000, b'0', 'This shows the interface for a question which can be answered by text or with a photo.'),
(10, 1000, b'0', 'This shows how text questions behave when next to each other.');

--
-- Daten für Tabelle `question_revision`
--

INSERT INTO `question_revision` (`id`, `name`, `text_questions_first`) VALUES
(1, 'Wirtschaft', b'1'),
(2, 'Informatik und Medien', b'0'),
(3, 'Demo Evaluation', b'0');

--
-- Daten für Tabelle `question_revision_choices`
--

INSERT INTO `question_revision_choices` (`question_revision_id`, `choices_id`) VALUES
(1, 1),
(1, 2),
(1, 3),
(1, 4),
(1, 5),
(1, 6),
(2, 1),
(2, 7),
(2, 8),
(2, 9),
(2, 10),
(2, 11),
(2, 1),
(2, 12),
(2, 13),
(2, 14),
(2, 15),
(2, 16),
(2, 1),
(2, 17),
(2, 18),
(2, 19),
(2, 20),
(2, 21),
(2, 1),
(2, 22),
(2, 23),
(2, 24),
(2, 25),
(2, 26),
(2, 1),
(2, 27),
(2, 28),
(2, 29),
(2, 30),
(2, 31),
(2, 1),
(2, 32),
(2, 33),
(2, 34),
(2, 35),
(2, 36),
(2, 1),
(2, 7),
(2, 37),
(2, 29),
(2, 10),
(2, 31),
(2, 1),
(2, 7),
(2, 37),
(2, 29),
(2, 10),
(2, 31),
(2, 1),
(2, 7),
(2, 8),
(2, 9),
(2, 10),
(2, 11),
(2, 1),
(2, 2),
(2, 3),
(2, 4),
(2, 5),
(2, 6),
(2, 1),
(2, 2),
(2, 3),
(2, 4),
(2, 5),
(2, 6),
(2, 1),
(2, 38),
(2, 39),
(2, 24),
(2, 40),
(2, 41),
(2, 1),
(2, 42),
(2, 43),
(2, 19),
(2, 44),
(2, 45),
(2, 46),
(2, 47),
(2, 48),
(2, 49),
(2, 50),
(2, 51),
(2, 46),
(2, 2),
(2, 3),
(2, 4),
(2, 5),
(2, 6),
(2, 1),
(2, 52),
(2, 53),
(2, 54),
(2, 55),
(2, 56),
(2, 57),
(2, 58),
(2, 59),
(2, 60),
(2, 61),
(2, 62),
(2, 1),
(2, 2),
(2, 3),
(2, 4),
(2, 5),
(2, 6),
(3, 63),
(3, 64),
(3, 65),
(3, 63),
(3, 64),
(3, 66),
(3, 67),
(3, 63),
(3, 67),
(3, 64),
(3, 67),
(3, 63),
(3, 64),
(3, 68),
(3, 69),
(3, 70),
(3, 63),
(3, 64),
(3, 68),
(3, 71),
(3, 72),
(3, 73),
(3, 63),
(3, 73),
(3, 69),
(3, 64),
(3, 69),
(3, 73),
(3, 63),
(3, 74),
(3, 75),
(3, 76),
(3, 72),
(3, 73),
(3, 77),
(3, 63),
(3, 74),
(3, 75),
(3, 76),
(3, 78),
(3, 79),
(3, 80),
(3, 81),
(3, 63),
(3, 81),
(3, 73),
(3, 69),
(3, 64),
(3, 69),
(3, 73),
(3, 81);

--
-- Daten für Tabelle `question_revision_mc_questions`
--

INSERT INTO `question_revision_mc_questions` (`question_revision_id`, `mc_questions_id`) VALUES
(1, 1),
(2, 2),
(2, 3),
(2, 4),
(2, 5),
(2, 6),
(2, 7),
(2, 8),
(2, 9),
(2, 10),
(2, 11),
(2, 12),
(2, 13),
(2, 14),
(2, 15),
(2, 16),
(2, 17),
(2, 18),
(2, 19),
(3, 20),
(3, 21),
(3, 22),
(3, 23),
(3, 24),
(3, 25),
(3, 26),
(3, 27),
(3, 28);

--
-- Daten für Tabelle `question_revision_questions`
--

INSERT INTO `question_revision_questions` (`question_revision_id`, `questions_id`) VALUES
(1, 1),
(1, 2),
(1, 3),
(1, 4),
(2, 5),
(2, 6),
(2, 7),
(2, 8),
(3, 9),
(3, 10);

--
-- Daten für Tabelle `study_path`
--

INSERT INTO `study_path` (`id`, `degree`, `department`, `name`) VALUES
(1, 0, 2, 'Wirtschaftsinformatik'),
(2, 0, 2, 'Berufsbegleitender Bachelor Betriebswirtschaftslehre'),
(3, 0, 2, 'Betriebswirtschaftslehre'),
(4, 1, 2, 'Betriebswirtschaftslehre'),
(5, 1, 2, 'Security Management'),
(6, 1, 2, 'Technologie- und Innovationsmanagement'),
(7, 1, 2, 'Wirtschaftsinformatik'),
(8, 0, 0, 'Applied Computer Science'),
(9, 0, 0, 'Informatik'),
(10, 0, 0, 'Medizininformatik'),
(11, 0, 0, 'Medieninformatik'),
(12, 1, 0, 'Informatik'),
(13, 1, 0, 'Digitale Medien'),
(14, 1, 0, 'Medieninformatik');

--
-- Daten für Tabelle `subject`
--

INSERT INTO `subject` (`id`, `degree`, `department`, `name`) VALUES
(1, 1, 2, 'Unternehmensführung'),
(2, 1, 2, 'Wertorientiertes IT-Management'),
(3, 1, 2, 'Theorien der Informatik'),
(4, 1, 2, 'Advanced Software Engineering'),
(5, 1, 2, 'Modellierung und Analyse von Prozessen'),
(6, 0, 0, 'Mathematik I'),
(7, 0, 0, 'Informatik und Logik'),
(8, 0, 0, 'Mathematik II'),
(9, 0, 0, 'Mathematik III'),
(10, 0, 0, 'Alternative Programmierparadigmen'),
(11, 0, 0, 'Mathematische Programmierung'),
(12, 0, 0, 'Human-Computer Interaction'),
(13, 0, 0, 'Grundlagen der Wissensverarbeitung'),
(14, 0, 0, 'Autonome Mobile Systeme'),
(15, 0, 0, 'Wissensbasierte Systeme in der Medizin'),
(16, 0, 0, 'Künstliche Intelligenz'),
(17, 1, 0, 'Mathematik'),
(18, 1, 0, 'Künstliche Intelligenz'),
(19, 1, 0, 'Einführung in Wissenschaftliches Arbeiten und Schreiben'),
(20, 1, 0, 'Mobile Informationssysteme'),
(21, 0, 0, 'Dummy1'),
(22, 0, 0, 'Dummy2'),
(23, 0, 0, 'Dummy3'),
(24, 0, 0, 'Mensch-Computer-Interaktion');
--
-- Daten für Tabelle `tutor`
--

INSERT INTO `tutor` (`id`, `department`, `family_name`, `name`) VALUES
(1, 2, 'Franz', 'Robert'),
(2, 2, 'Scheeg', 'Jochen'),
(3, 2, 'Hoeding', 'Michael'),
(4, 2, 'Pfister', 'Winfried'),
(5, 2, 'Wikarski', 'Dietmar'),
(6, 0, 'Socher', 'Rolf'),
(7, 0, 'Boersch', 'Ingo'),
(8, 0, 'Heinsohn', 'Jochen'),
(9, 0, 'Loose', 'Harald'),
(10, 0, 'Preuss', 'Thomas'),
(11, 0, 'Kindsmueller', 'Martin Christof'),
(12, 0, 'Buchholz', 'Sven'),
(13, 0, 'Schmidt', 'Gabriele'),
(14, 0, 'Busse', 'Susanne'),
(15, 0, 'Kim', 'Stefan'),
(16, 0, 'Syrjakow', 'Michael'),
(17, 0, 'Vielhauer', 'Claus'),
(18, 0, 'Homeister', 'Mathias'),
(19, 0, 'Kell', 'Gerald'),
(20, 0, 'Creuzburg', 'Reiner'),
(21, 0, 'Hasche', 'Eberhard'),
(22, 0, 'Urban', 'Alexander'),
(23, 0, 'Schafföner', 'Martin'),
(24, 0, 'Beck', 'Eberhard'),
(25, 0, 'Schrader', 'Thomas'),
(26, 0, 'Jänicke', 'Karl-Heinz'),
(27, 2, 'Hausmann', 'Dietmar'),
(28, 2, 'Sens', 'Katrin'),
(29, 0, 'Account', 'Developer');

/*!40101 SET CHARACTER_SET_CLIENT=@OLD_CHARACTER_SET_CLIENT */;
/*!40101 SET CHARACTER_SET_RESULTS=@OLD_CHARACTER_SET_RESULTS */;
/*!40101 SET COLLATION_CONNECTION=@OLD_COLLATION_CONNECTION */;
